request_id,requester_received_pizza
t3_i8iy4,0
t3_1mfqi0,1
t3_lclka,0
t3_1jdgdj,0
t3_t2qt4,0
t3_pvojb,0
t3_142n4c,0
t3_17rja6,0
t3_1lg6u2,1
t3_1b0mtx,0
t3_mmivq,1
t3_11ux2a,0
t3_klige,1
t3_1iv3cj,0
t3_13dh0w,0
t3_li326,0
t3_xww8y,1
t3_kogen,1
t3_ik8w1,1
t3_j3nnl,1
t3_j6xvd,0
t3_1lsrj5,1
t3_idld7,1
t3_y6amf,1
t3_hl0ft,1
t3_jg6yk,1
t3_1k5ss6,0
t3_u6i4z,1
t3_ltuhq,0
t3_1m2om7,0
t3_hgdtf,1
t3_w89lu,1
t3_ifk6u,0
t3_18c4e9,0
t3_133rk6,1
t3_icpa2,1
t3_tllxh,1
t3_ibvic,0
t3_153cst,1
t3_115vox,1
t3_n318c,0
t3_ojy6r,0
t3_wziql,0
t3_jiwx8,0
t3_ibsyq,1
t3_v07fz,1
t3_us9ho,0
t3_1l120o,1
t3_1avwr4,0
t3_11pdxt,0
t3_1eg6hz,0
t3_nfom9,0
t3_qaf9d,1
t3_15dl3p,0
t3_1ietp9,1
t3_if8os,1
t3_irugk,1
t3_i5liz,0
t3_1indge,1
t3_1j6smi,0
t3_1lxyig,1
t3_hecc7,0
t3_14tiyz,0
t3_k1z07,0
t3_10wwjr,0
t3_lvs72,0
t3_18u12f,0
t3_yftil,0
t3_i20wz,0
t3_zs6gr,0
t3_17rugq,0
t3_10cmhw,0
t3_1jgj8g,0
t3_16q2jp,0
t3_1hbpnz,0
t3_1737ki,1
t3_pfl37,0
t3_qg1wv,1
t3_wcupv,0
t3_14gsx5,1
t3_xzsu3,0
t3_1lnsb4,1
t3_iympu,0
t3_k9o6g,0
t3_1ktbje,0
t3_zuow2,0
t3_16tazw,0
t3_pvl3a,0
t3_11a45a,1
t3_187gk8,1
t3_jrtbz,0
t3_lagsc,1
t3_rt9rt,0
t3_15qz4q,0
t3_hz1m5,0
t3_119agf,0
t3_k70hk,1
t3_i2xbl,0
t3_10gk0h,1
t3_1mwaf9,1
t3_uwwyl,0
t3_10ca6l,0
t3_1h4mik,0
t3_i0qp5,1
t3_krx89,1
t3_ibtwa,1
t3_11tb71,1
t3_sfrhj,1
t3_jncp2,0
t3_t7qee,0
t3_zxawy,1
t3_id14p,1
t3_1by9im,0
t3_hwxwd,0
t3_jmo2j,0
t3_wc93i,0
t3_qzu7s,0
t3_xn9n8,0
t3_10vrop,0
t3_1crhe7,1
t3_sz4rm,0
t3_micek,0
t3_nbkbt,0
t3_13jofn,1
t3_1fwjjw,1
t3_q2spw,1
t3_v8f7b,1
t3_1cnqfg,0
t3_xn0no,1
t3_ki6jk,0
t3_mbcj7,1
t3_j65lu,0
t3_jm9ld,0
t3_tfo4q,1
t3_1160fi,1
t3_yg7bf,1
t3_naauc,0
t3_14tdkv,0
t3_ozrs5,1
t3_mywtr,1
t3_14bzcp,0
t3_1hwd6l,1
t3_10wbvp,1
t3_1bn2ov,1
t3_14talm,1
t3_13seyz,0
t3_jnywu,0
t3_tdww7,0
t3_vn1l9,0
t3_zhzk6,1
t3_1fyoex,0
t3_11t3kg,1
t3_tubzr,0
t3_1gstqn,0
t3_1euaic,1
t3_ynaia,1
t3_1mwhh9,0
t3_m1y90,0
t3_1je8f1,1
t3_rx4zo,1
t3_1f8kvl,1
t3_1is6ya,0
t3_iai8b,1
t3_1fnw48,0
t3_vmwzf,1
t3_jg8jk,1
t3_12hejm,1
t3_1krjs4,0
t3_k4utv,1
t3_xbitu,0
t3_13y8zq,0
t3_q60gf,1
t3_jb9gi,0
t3_t22lo,1
t3_vptrf,0
t3_1cexg7,1
t3_yuxak,0
t3_kdstl,0
t3_1gy3zk,0
t3_1cn4fz,0
t3_1o5psw,1
t3_1fi04r,1
t3_ovnya,1
t3_puk2v,0
t3_1mwqc3,0
t3_hueth,1
t3_1muyje,1
t3_l5kka,1
t3_1cmihx,0
t3_10j1np,1
t3_sydf2,1
t3_1fcf2h,0
t3_m2id2,0
t3_m0vt8,1
t3_14t7j9,0
t3_1b0jci,0
t3_zsa2t,1
t3_xd60b,1
t3_htzo7,1
t3_1hl0jw,0
t3_19lq75,0
t3_1bp2u8,0
t3_jdxtx,0
t3_j68ur,1
t3_10fo7v,1
t3_18cqfw,1
t3_1bp1we,0
t3_hzzgp,1
t3_jrzko,0
t3_ieglz,0
t3_113kuj,0
t3_ledoj,0
t3_iy36f,0
t3_113qym,0
t3_zha1q,1
t3_16xsqk,0
t3_tq5qq,1
t3_y2qle,1
t3_jafft,0
t3_s6iox,0
t3_vhs8y,1
t3_kyw1u,1
t3_12839n,1
t3_jsaom,0
t3_qmp3p,0
t3_ny3zk,0
t3_lkmwg,0
t3_uhmf8,1
t3_hyr3z,1
t3_pvs82,1
t3_htfi5,1
t3_ltyr4,0
t3_x285o,0
t3_j2fxf,0
t3_lt6l5,1
t3_mlwsc,1
t3_kwlpi,1
t3_susbr,0
t3_13ww4i,0
t3_rs4rl,0
t3_12l3sq,0
t3_1e7zhc,0
t3_14ssun,0
t3_pbh5x,0
t3_1iemsj,0
t3_qdn9m,0
t3_ienvf,0
t3_1ckh9t,1
t3_hwzc2,0
t3_p3lkq,1
t3_icr1j,0
t3_1ipgcx,1
t3_iqw0f,1
t3_1fbfeg,0
t3_j7us6,1
t3_iwany,0
t3_mdhq5,0
t3_wag1s,1
t3_1kvwpq,0
t3_plp25,0
t3_k3qyc,1
t3_12txtd,0
t3_irj2c,0
t3_qnrv7,1
t3_m7bdd,1
t3_10qngl,0
t3_10d4a8,0
t3_w160y,0
t3_lp1ux,0
t3_1i6bna,1
t3_1g74wk,0
t3_18pv4q,0
t3_1epv0f,1
t3_1mvb6s,0
t3_17z37c,0
t3_m6np7,1
t3_11tiox,0
t3_jf55a,0
t3_l3g0s,1
t3_19p6mc,0
t3_xeedv,0
t3_slq9i,0
t3_jirtz,1
t3_tblcz,1
t3_qqud3,1
t3_r06po,0
t3_1l2a9r,0
t3_iefba,1
t3_kbc4h,0
t3_mc7hx,1
t3_1cyxp5,1
t3_1lmc4f,1
t3_wo6p3,0
t3_ojtem,0
t3_k3yrb,0
t3_i8xhn,1
t3_w6xdm,0
t3_1mxpun,0
t3_1lx6vd,1
t3_j8hka,0
t3_xawwv,0
t3_1l19vv,0
t3_j4vbo,0
t3_1ikc0d,1
t3_m6rdr,0
t3_19xxso,1
t3_jt1ti,1
t3_1abab2,0
t3_17rl0y,1
t3_jdfhh,1
t3_1atk3v,0
t3_tglzi,0
t3_1iv6uf,0
t3_p85iu,1
t3_x9v8i,0
t3_mwclc,1
t3_1432t6,1
t3_1732xx,0
t3_uaqw7,0
t3_jwam4,0
t3_143pb1,1
t3_ixmw3,0
t3_roye7,1
t3_1l1b96,0
t3_1lfxmx,0
t3_sm0fi,1
t3_x6xfz,0
t3_1akj1c,0
t3_jzcyp,0
t3_o1gb7,0
t3_1dapt6,0
t3_1a1wmz,0
t3_17apty,0
t3_13fi4r,0
t3_1ly2ne,0
t3_1mvmz3,0
t3_10uh4n,1
t3_1m4s8q,0
t3_wd1bd,1
t3_ifih0,1
t3_1hbxzi,0
t3_qs09d,0
t3_mjf5t,0
t3_12p4qj,1
t3_soea1,0
t3_jly5g,0
t3_1lcmkx,0
t3_1jo0bx,1
t3_1ltp6r,0
t3_181l4t,1
t3_ipzg4,0
t3_js0ju,1
t3_1gveed,0
t3_tozvc,1
t3_1kilzb,0
t3_185vvk,0
t3_m47yc,1
t3_1mg7m1,1
t3_1mdya5,0
t3_19ctqj,0
t3_1mim72,0
t3_iymko,1
t3_opkmm,0
t3_y466n,0
t3_jx9tr,1
t3_10zoec,0
t3_u08u0,0
t3_19ob9z,0
t3_jzkd1,0
t3_q73oq,0
t3_y5vj7,0
t3_y8w7b,0
t3_kxjsp,0
t3_1ivwvt,0
t3_x768a,0
t3_1iv28l,0
t3_1l27b3,0
t3_q1xxo,0
t3_jb6na,0
t3_163bzy,1
t3_qsejn,0
t3_1nbrku,1
t3_1ej7wt,0
t3_zh75s,0
t3_lstm9,0
t3_1j5z7e,1
t3_1574sv,0
t3_wkdxa,1
t3_pl5aj,1
t3_qap6u,0
t3_1gvnj8,0
t3_js9gy,1
t3_is8cd,1
t3_lbl8w,0
t3_uozbx,0
t3_1lxntp,0
t3_11n72r,0
t3_1iez8q,0
t3_ozu7k,1
t3_owy0m,0
t3_1md6b9,1
t3_1ex028,0
t3_1dg2bk,1
t3_hzt8o,1
t3_131n6r,0
t3_1jxgvf,0
t3_jmdya,0
t3_mg1zt,1
t3_j0cz0,0
t3_k1gsx,1
t3_1dmups,0
t3_x959y,0
t3_nnbds,0
t3_13trxv,0
t3_1awfml,1
t3_lyy5x,0
t3_1iwegx,1
t3_193frj,0
t3_1iudup,1
t3_1fwbdg,0
t3_16xtvk,0
t3_1ipepz,0
t3_mhcm8,0
t3_1gq3gs,1
t3_vghwo,1
t3_keseq,0
t3_16z08l,1
t3_mas62,0
t3_1isgm3,0
t3_puwjr,0
t3_liudo,0
t3_jxh9m,0
t3_11yzo2,0
t3_1btj3q,0
t3_lfma1,1
t3_pbyjt,0
t3_1jo4f6,0
t3_yejtx,1
t3_193zoz,0
t3_16w2nh,1
t3_jhmef,0
t3_tlbjk,0
t3_s80om,1
t3_kwrjo,0
t3_1cw1ms,0
t3_uj99i,1
t3_1apdwu,1
t3_iborf,0
t3_12kfy9,0
t3_126tep,0
t3_ji3ca,0
t3_lqnpz,0
t3_ibvn8,0
t3_i50i4,0
t3_lushm,0
t3_iffit,1
t3_12nmdv,0
t3_1lrh6u,1
t3_qvbzt,0
t3_1iez5w,0
t3_ql5gi,0
t3_1msxkn,0
t3_jf2fg,1
t3_1g4lyw,0
t3_1k910y,1
t3_x3cmt,1
t3_x9etl,0
t3_klaa6,0
t3_yht6g,0
t3_y2ljd,0
t3_ialy9,1
t3_naq48,0
t3_107ru4,0
t3_1ihfkx,0
t3_1ll049,0
t3_12nmjl,0
t3_1mit7t,0
t3_1n84jc,0
t3_1boflh,0
t3_121toe,0
t3_umaqa,1
t3_i4ck0,1
t3_193zo3,0
t3_1jggdv,0
t3_lencv,1
t3_1ahfft,0
t3_vpa6p,1
t3_k1yom,1
t3_k4nfr,0
t3_iptt8,0
t3_1n5n9z,0
t3_sss6w,1
t3_jb038,0
t3_v8beo,1
t3_i9qjc,1
t3_uoywy,1
t3_15gf4h,1
t3_z7i98,1
t3_kibv8,0
t3_lope8,1
t3_116umn,1
t3_k31fw,1
t3_yl88m,1
t3_iypmh,1
t3_ihdnr,0
t3_15jy6m,0
t3_1l0j5d,0
t3_1diu6d,0
t3_1fzhzr,0
t3_iclgj,1
t3_1jzcon,0
t3_l2tb0,0
t3_16xpx8,0
t3_1h6hhv,0
t3_10u7w0,0
t3_vnbuw,1
t3_j0p9a,0
t3_z59mf,0
t3_1lozqp,1
t3_mwzrw,0
t3_iri2m,0
t3_qc8g7,0
t3_mkd95,0
t3_yl0d6,1
t3_1gtjtl,1
t3_1l8cy1,0
t3_k0rt7,0
t3_17bfiq,0
t3_10ha4t,0
t3_ylne2,1
t3_q3bzv,1
t3_100ws2,0
t3_wkix8,0
t3_1cqwsx,0
t3_144op5,1
t3_pmvgu,0
t3_16bg93,1
t3_10a2dc,1
t3_pt1qv,0
t3_1na4hu,1
t3_1lt6br,1
t3_152ods,0
t3_1j96zh,1
t3_ialea,0
t3_1kiib3,0
t3_zj8ln,0
t3_1ku1id,0
t3_yq9dd,0
t3_j1ppy,1
t3_12rcts,0
t3_1005cj,0
t3_v10wr,0
t3_10tzmd,1
t3_1j4sg0,0
t3_13y2ou,0
t3_16c7pm,0
t3_jpyr1,0
t3_ynmkd,1
t3_14wvfb,0
t3_qj5j2,1
t3_ys4zk,0
t3_1imxgn,0
t3_ukrwy,0
t3_1b4spk,0
t3_wpp9o,0
t3_s4jhg,0
t3_i2vq7,0
t3_1miz3n,0
t3_1209kl,1
t3_wh0l4,0
t3_lu96s,1
t3_kcfr0,1
t3_1myvpl,0
t3_1l0lpu,1
t3_z1lre,0
t3_1mu7o8,0
t3_zukcs,0
t3_i6vkd,0
t3_kcldp,1
t3_19dhd6,0
t3_1i7c6y,0
t3_seonb,0
t3_rv4en,0
t3_qrwex,1
t3_1mo5ws,0
t3_ndq9f,0
t3_o0l9h,0
t3_tds8d,1
t3_1jde5v,0
t3_12hb73,1
t3_juemz,0
t3_kh34f,1
t3_khwp6,1
t3_iqumh,0
t3_pszmn,0
t3_1mx366,0
t3_jcm20,1
t3_1bbzet,0
t3_iowa1,1
t3_1h1syy,0
t3_myx8u,1
t3_1g7ny0,0
t3_17tkid,1
t3_11hcyw,0
t3_n6qkh,0
t3_tmn3s,0
t3_11v7q2,0
t3_1cd6yv,0
t3_io0oy,1
t3_1hip5p,0
t3_1gkd2i,0
t3_hvgv7,1
t3_m5a39,0
t3_17sl35,1
t3_utp3h,1
t3_10tv7s,0
t3_1a40n4,0
t3_kj8a0,0
t3_1mgrri,1
t3_1nd11h,0
t3_1ldhfb,1
t3_10mo95,1
t3_sx32l,1
t3_pw2mi,0
t3_o7co1,0
t3_16stuw,0
t3_1ctx4r,0
t3_1adx9s,0
t3_il9ks,0
t3_rp169,0
t3_zatki,0
t3_iknip,0
t3_uhoi3,0
t3_uz6m5,0
t3_127wms,0
t3_16bong,0
t3_uz1hn,0
t3_keq0w,0
t3_y3hef,0
t3_iaoch,1
t3_rf6ne,0
t3_1cjpyc,1
t3_t1rba,0
t3_j5td8,0
t3_mpkb2,0
t3_x8k7r,0
t3_ikw4b,0
t3_1784zg,0
t3_it7o4,1
t3_zv8j4,0
t3_12t1lk,1
t3_vjk10,1
t3_khwh9,0
t3_1b7u1o,0
t3_1l2duz,0
t3_wkwew,1
t3_l1klc,1
t3_1epqt0,1
t3_1mvp23,0
t3_tnfo9,1
t3_ka7al,0
t3_wwl2i,0
t3_inkwj,0
t3_ilt19,1
t3_pgs0h,0
t3_iwfey,1
t3_jqgd5,1
t3_qc5o5,1
t3_soims,0
t3_17s4gm,0
t3_1hq0de,0
t3_jigc8,0
t3_1l2vma,0
t3_14t437,0
t3_19jx8n,0
t3_n420r,0
t3_1czpg7,1
t3_ishzm,1
t3_nx2c3,0
t3_1jx4g7,1
t3_12zak9,1
t3_p7o7p,0
t3_u7588,0
t3_icoi3,1
t3_10p6bh,0
t3_j0ert,1
t3_i5pv9,0
t3_ncw61,1
t3_1a6oez,0
t3_15zae8,0
t3_118p7t,1
t3_p1s5g,0
t3_slvkc,0
t3_1n0mel,0
t3_z9a9f,0
t3_vzxe5,0
t3_103oiv,0
t3_14wzoi,0
t3_1ib7b2,1
t3_llyi4,0
t3_1kxzgl,1
t3_ihdep,0
t3_iui32,1
t3_pwu9g,1
t3_1jd4uk,1
t3_iq6md,1
t3_x7u2w,1
t3_1j6vvd,0
t3_103ub7,0
t3_14a8dq,0
t3_m99m6,1
t3_x7oqf,0
t3_1ce5o7,0
t3_1cvjjv,0
t3_1nbngz,0
t3_1a8xdn,0
t3_16yaml,0
t3_1i8aq1,1
t3_15nht5,0
t3_1glm8v,0
t3_l8c3e,1
t3_qgp7g,0
t3_1bbkjj,1
t3_l7tdm,1
t3_oqfw3,0
t3_vn01f,1
t3_j7spk,1
t3_k6wpu,1
t3_wywms,0
t3_1mzwgv,1
t3_1g30en,0
t3_1lqpgs,0
t3_xlntv,0
t3_1jaeay,0
t3_xwkff,0
t3_qble3,1
t3_vgtvb,0
t3_huun2,0
t3_11iwbh,1
t3_saszu,0
t3_17ziw6,1
t3_nfyao,1
t3_zuqs9,0
t3_1aoyt9,0
t3_i5viy,0
t3_1alsyg,0
t3_1i1vg0,1
t3_ot0gt,0
t3_o32bg,0
t3_1ihs5o,0
t3_n6ike,0
t3_19w1fa,0
t3_1iz7w9,0
t3_15irym,1
t3_recpu,1
t3_1bnjaf,0
t3_mn557,0
t3_1iuxw6,1
t3_1eipbs,0
t3_16gm64,0
t3_z10a2,0
t3_jq2qd,1
t3_yl0mo,1
t3_iburr,0
t3_ijk8n,0
t3_jya89,0
t3_mslxz,0
t3_1nuvzh,1
t3_kkd4w,1
t3_qbp6w,0
t3_1g2qc7,0
t3_10fjy1,0
t3_qzqrr,0
t3_sizfg,0
t3_k6dvb,0
t3_jx8c9,0
t3_1l7szl,0
t3_kal40,1
t3_y80tw,1
t3_q087s,0
t3_wcv08,0
t3_11ybtb,0
t3_jb0sr,1
t3_iqyh1,0
t3_vbvas,1
t3_i77kq,1
t3_kn4tz,0
t3_iql59,1
t3_1jtmxq,1
t3_1g4n79,0
t3_18a5ku,0
t3_1eojga,0
t3_qyoqv,0
t3_j0c1a,0
t3_14yxcw,0
t3_16n6pk,1
t3_vmld7,0
t3_19wz0p,0
t3_wh5io,1
t3_wllf8,0
t3_1j8sle,1
t3_ygzwt,0
t3_sf1tx,0
t3_my2jp,1
t3_1csu44,1
t3_1gzwv3,1
t3_14i071,1
t3_mlvt9,1
t3_16bki5,1
t3_1irwdx,1
t3_o9r7b,0
t3_14ul32,1
t3_1i0eh2,0
t3_mqngj,0
t3_1crdrj,0
t3_x5h3j,1
t3_1kud1g,0
t3_iokob,0
t3_lqc45,0
t3_1nbk5w,0
t3_1dqyg1,0
t3_1lxc6a,1
t3_16up9c,0
t3_ki92d,0
t3_xun5w,0
t3_jp37k,0
t3_iw40l,0
t3_1bnc88,1
t3_nf344,1
t3_if7k2,0
t3_jkyp6,0
t3_1cpe20,1
t3_tq16k,0
t3_1dd5tg,0
t3_16smd3,1
t3_uumxf,0
t3_1ihpy4,0
t3_ip2hr,1
t3_pvcnn,0
t3_16kriw,0
t3_lwy5f,1
t3_wy5o2,0
t3_15995m,1
t3_1g80pd,0
t3_vt5ky,0
t3_kpi24,0
t3_15uhsz,0
t3_wy5zu,0
t3_x3kb1,1
t3_j6rym,1
t3_oseds,1
t3_11u31u,0
t3_r167g,0
t3_1dauom,0
t3_11h6ki,0
t3_y9wpd,0
t3_spamz,0
t3_1ikz3c,0
t3_y60rj,0
t3_vctql,1
t3_k50j9,0
t3_iavvx,0
t3_u97ej,1
t3_zeqka,1
t3_ivcii,0
t3_10u1pr,1
t3_ibqzx,0
t3_k1f2x,0
t3_1e9rou,0
t3_ibp27,0
t3_yfron,1
t3_ity9v,0
t3_16tpsb,0
t3_1iwtmh,1
t3_o8a74,0
t3_lqmfy,0
t3_yabhi,0
t3_1gzjki,1
t3_qlw5i,0
t3_1iwu3k,0
t3_wzgke,0
t3_x60uq,1
t3_1n8ya7,0
t3_1mxh2m,0
t3_nuc18,1
t3_n02dy,1
t3_19jb1z,0
t3_1krrqc,1
t3_xuxaw,0
t3_xoqxy,0
t3_1iu6wt,0
t3_1hbjrr,0
t3_14xerk,0
t3_o4np7,0
t3_j6rve,0
t3_zjzx0,0
t3_wdhwu,0
t3_1ii2m8,1
t3_12jnd7,0
t3_noqvy,1
t3_1nbmq4,0
t3_13bycv,1
t3_1d3knr,0
t3_wogdg,0
t3_11q44h,0
t3_12nzg3,0
t3_17tw9t,0
t3_if2lx,0
t3_1jun2m,0
t3_19cylf,0
t3_jt3rn,0
t3_1ibd5b,1
t3_l7cxz,1
t3_1ci2kn,0
t3_lcdp2,0
t3_1lfolk,1
t3_1j8mbe,0
t3_jx8ma,1
t3_1cu42k,0
t3_kalpb,0
t3_12lehd,1
t3_kskxw,1
t3_1n296f,1
t3_lgsol,1
t3_i82id,1
t3_n5ee3,1
t3_mw6mn,0
t3_1c162l,1
t3_ihvtc,1
t3_154oxy,0
t3_kqiam,0
t3_n5s0d,1
t3_10kx56,0
t3_v1zxp,0
t3_11oca5,1
t3_lhtt9,1
t3_o1sex,1
t3_10opxp,1
t3_11l9tf,1
t3_wad1r,1
t3_11ub4a,0
t3_yrhwg,0
t3_wapmb,0
t3_1azh0f,1
t3_1cyenp,0
t3_m4a4w,0
t3_16ei1j,0
t3_17dp7q,0
t3_1b1yue,0
t3_128jt5,1
t3_xbm38,1
t3_1hplyt,0
t3_yhdcj,0
t3_1h7v40,0
t3_qywp7,0
t3_1mjo0g,0
t3_i2gwx,1
t3_x7px3,0
t3_17crrn,0
t3_15muo0,0
t3_iatwz,1
t3_j55ss,1
t3_1ah59z,1
t3_1hg3ju,1
t3_kfdgh,0
t3_l61uc,0
t3_w6c9t,0
t3_m5gfe,0
t3_1nuw9m,1
t3_rc0s8,1
t3_n04lh,0
t3_ozr08,0
t3_k5v9b,0
t3_z1zks,0
t3_q5yda,0
t3_y3xyz,0
t3_julqz,1
t3_14tned,0
t3_11ppkr,1
t3_1cruvk,0
t3_s3iwq,1
t3_iqvav,0
t3_lzc3o,1
t3_wgfco,0
t3_14tp3u,0
t3_pgnfb,0
t3_jf2ir,0
t3_k4gza,0
t3_10wg2c,0
t3_if7p7,0
t3_m45jf,0
t3_uf051,1
t3_17mn5i,0
t3_17gl52,0
t3_iqvla,0
t3_ldki5,0
t3_1126jt,1
t3_mvsb5,0
t3_n32ze,0
t3_gl7ef,0
t3_iug9n,0
t3_1ewdrb,1
t3_tdu8m,1
t3_k91wr,1
t3_r0h5h,0
t3_ifbw5,1
t3_1n7sx3,1
t3_1b5a4p,1
t3_iamq6,1
t3_o6z29,1
t3_jydqo,0
t3_p3ftt,0
t3_pupzc,1
t3_tn97v,0
t3_vqsnl,0
t3_12cxuc,0
t3_1ktx51,1
t3_tydcg,0
t3_hug18,1
t3_mi7ma,1
t3_l67if,0
t3_1lml71,1
t3_otuha,0
t3_1dfe2n,1
t3_zkui3,0
t3_1mh9w4,0
t3_1jp3f1,1
t3_16gr5b,1
t3_mwd82,0
t3_1jn1j6,0
t3_1ezf35,0
t3_1j4ytk,0
t3_ud0gj,0
t3_1f8knc,0
t3_vgool,1
t3_11b1ti,0
t3_1aoz8s,0
t3_1cr1zd,1
t3_yvma1,1
t3_ifzvz,0
t3_sp26r,1
t3_w5b9g,0
t3_ql4hw,0
t3_v1zdc,0
t3_kxz0h,1
t3_wa7hw,1
t3_lgtm6,0
t3_is4sr,0
t3_19b1c5,1
t3_1iv47z,0
t3_1j04eu,1
t3_1jx10i,0
t3_i5o5g,0
t3_1e920k,1
t3_k70pb,1
t3_xko5d,0
t3_1a3vfl,0
t3_1lxybt,0
t3_ldjhu,1
t3_ldeog,0
t3_pfod3,0
t3_193qwb,0
t3_1950v4,0
t3_lzkhn,0
t3_krl47,0
t3_r67bm,0
t3_zaw9z,0
t3_sxko6,0
t3_p8av3,1
t3_inwm2,0
t3_1ihttr,0
t3_j85dp,1
t3_1ag1v5,1
t3_1lu5yo,0
t3_1fj9p3,1
t3_1nv4ks,0
t3_1mdaak,1
t3_1ctxw7,0
t3_1eevnc,1
t3_1ij15g,0
t3_15isv5,1
t3_1lf3me,0
t3_16d2ly,0
t3_1k1xs4,1
t3_ytvgx,1
t3_1ihggu,0
t3_iyq1i,0
t3_j2vji,0
t3_tf9im,1
t3_15ti56,0
t3_zq14r,1
t3_ix9g0,0
t3_sosun,0
t3_13byqo,0
t3_1cf800,0
t3_135fj1,0
t3_1crefk,0
t3_10cvn1,0
t3_sidd8,1
t3_l4o05,1
t3_1irpp0,1
t3_14tboe,0
t3_14vcsz,1
t3_1ik17v,0
t3_1memn0,1
t3_1icup0,1
t3_lhqi7,0
t3_1ipvwk,0
t3_1dlaly,1
t3_zzuu4,0
t3_19cz7c,0
t3_1k64o2,1
t3_1mjpg0,0
t3_iol8h,1
t3_1isd30,0
t3_lj7oy,0
t3_xnm2p,1
t3_1c3v9m,0
t3_s4svv,1
t3_19jlpy,0
t3_19nhbi,0
t3_1gb1to,1
t3_1c8rmz,1
t3_1igt9f,1
t3_1eqmt5,1
t3_rwaf0,0
t3_1kw2e6,0
t3_1jgelh,1
t3_jcq0o,0
t3_172kz4,0
t3_w56fp,0
t3_my16i,1
t3_k0r9x,0
t3_17sczo,0
t3_14im5p,1
t3_1ih8z4,1
t3_qmmdi,1
t3_qgsgw,1
t3_1gdjus,0
t3_k0vt2,0
t3_1jd94m,1
t3_k4z02,0
t3_lp6lv,0
t3_1agayp,1
t3_1b9o16,0
t3_17q6f5,1
t3_n39i4,0
t3_pey91,0
t3_125l77,0
t3_150p6t,0
t3_1ig7c8,0
t3_1bd8v3,0
t3_in1tc,0
t3_pcmhh,1
t3_ziw36,0
t3_m489r,0
t3_jxuil,0
t3_i7lvc,0
t3_iq3hd,1
t3_y5tl0,1
t3_1mx6dp,1
t3_17la4f,0
t3_i11au,0
t3_naa39,1
t3_k87gg,0
t3_lrud4,0
t3_11k0ch,0
t3_jjtne,0
t3_1o3fi6,1
t3_qwz21,0
t3_if9kv,0
t3_ino69,1
t3_y36b3,1
t3_ljw7y,0
t3_msmlt,1
t3_1c01o8,1
t3_yk3jz,1
t3_jvh01,1
t3_wgsws,0
t3_lq66h,0
t3_15567s,0
t3_1lsr9x,1
t3_1d96q8,1
t3_r1xtu,1
t3_1exwmo,0
t3_k4m4x,0
t3_15e251,0
t3_1ma7rd,0
t3_jgtfw,1
t3_18droz,1
t3_phmbn,0
t3_n6s1i,0
t3_htxnw,1
t3_wkd6l,1
t3_1i8b15,0
t3_17ovhi,0
t3_ngtw8,0
t3_jedff,0
t3_1iv2s8,0
t3_iynyd,0
t3_vi2qo,0
t3_nz2df,0
t3_rkhub,0
t3_jmr1j,0
t3_iwavb,0
t3_iv6eu,0
t3_j6nr5,1
t3_1cniq6,0
t3_q0c6k,0
t3_1mufdh,0
t3_1bw1b9,0
t3_ico94,0
t3_vipop,1
t3_1iwdep,1
t3_1izd63,0
t3_1m9j1d,1
t3_1g5pyx,0
t3_v7tzf,0
t3_jog1v,0
t3_pe8md,0
t3_kxlzo,0
t3_kz2ws,0
t3_1ee1fp,0
t3_khxzm,0
t3_1166u8,0
t3_wj4na,0
t3_11lg2f,1
t3_1iwg9n,0
t3_vjgu4,0
t3_1275dw,0
t3_16w1fs,1
t3_1lxlbw,0
t3_ojw1m,1
t3_1jart1,0
t3_yf6n3,1
t3_1n859f,1
t3_n993g,0
t3_jzi49,1
t3_tv7zq,1
t3_opj7h,1
t3_12jio7,0
t3_1loyn7,1
t3_12c6hf,0
t3_pzish,1
t3_1h05vp,0
t3_110efm,0
t3_xa98e,1
t3_xgrpi,0
t3_1h29mo,1
t3_niode,1
t3_hy49h,0
t3_1eluz0,0
t3_12eoc9,0
t3_1necw3,1
t3_1lw16j,0
t3_ihh90,0
t3_jyepv,0
t3_kqf8k,0
t3_m9h42,1
t3_ikck4,0
t3_vzfp5,1
t3_1mhbok,1
t3_150x3u,1
t3_rdsa5,0
t3_1k175h,0
t3_xu8em,0
t3_w7fjy,0
t3_xnrho,1
t3_1n6wjw,0
t3_15fud8,0
t3_11hnoe,0
t3_jmnl8,0
t3_1kkv09,0
t3_ngvgh,1
t3_jx94c,1
t3_xwxmj,1
t3_iwfd1,0
t3_10hpsk,0
t3_hvwav,1
t3_snqsi,0
t3_icqr9,1
t3_ibz1b,1
t3_iay69,0
t3_11zblm,1
t3_wzkmu,1
t3_1crpj5,0
t3_iczu2,0
t3_wns9p,1
t3_1invu0,0
t3_m2hic,0
t3_vi9dc,0
t3_pimge,0
t3_i7adt,1
t3_15e9dq,1
t3_1czkj9,0
t3_1btf55,1
t3_yifuj,0
t3_zh4v4,0
t3_paght,1
t3_1bmaeo,0
t3_1mnkgu,1
t3_1hdqo9,1
t3_12lbis,0
t3_1hcumf,0
t3_11s3p3,1
t3_1dkhn2,0
t3_onxcv,0
t3_1g5q8a,0
t3_16lcq8,0
t3_17gi30,1
t3_ibs5y,0
t3_1cs2px,1
t3_v4w93,0
t3_1n1axt,1
t3_ihko3,0
t3_1896rw,0
t3_125i9k,1
t3_ww56x,0
t3_uj7th,0
t3_xsnoi,1
t3_jyi06,0
t3_yxnzv,1
t3_l4640,0
t3_1dnss4,0
t3_1359u2,0
t3_s4r05,0
t3_j16ec,1
t3_zpi3v,0
t3_pyewj,0
t3_ychfj,0
t3_l4pgj,0
t3_1llkaa,1
t3_wj3qa,0
t3_zy61w,0
t3_1dize8,1
t3_1f7t8i,0
t3_1lerlv,0
t3_1meieg,0
t3_156xcj,1
t3_j8iuv,1
t3_irgvc,0
t3_qyedt,0
t3_u95c6,0
t3_1e97au,0
t3_wp8uc,0
t3_sst1u,0
t3_1c63lb,0
t3_o85l6,1
t3_idivc,1
t3_k45dt,0
t3_19ywdh,0
t3_kf0cy,0
t3_137zgp,0
t3_1gx8mx,1
t3_tvndu,0
t3_zsgtc,1
t3_l4n9w,0
t3_mjeye,0
t3_mz1mg,0
t3_jgbs9,1
t3_1gnaod,1
t3_hrz9i,1
t3_1me64e,1
t3_idq7h,0
t3_ys5ol,0
t3_1lezr3,1
t3_lnwd6,1
t3_zwbh8,0
t3_1ctkfz,1
t3_1kn4ge,1
t3_1l10qa,1
t3_177ayp,0
t3_jijg7,0
t3_16vnjz,1
t3_1nbk1o,0
t3_vem93,1
t3_o6e99,0
t3_jahvc,0
t3_k62zb,1
t3_1n351g,0
t3_11tjwv,0
t3_14ux4w,1
t3_ijhc3,0
t3_1j6f3u,0
t3_w21z2,1
t3_j82a6,1
t3_pm783,0
t3_v3r93,0
t3_1jimga,0
t3_idti4,0
t3_mjkln,1
t3_y2ne5,0
t3_xry1e,1
t3_qceuc,0
t3_16noen,0
t3_1ee39k,0
t3_1eq5xl,0
t3_mrkl3,1
t3_ojet5,0
t3_v0ki0,1
t3_jq47k,0
t3_1fqoyo,0
t3_vbb3v,0
t3_1k62l3,0
t3_12p4pv,0
t3_i37e6,0
t3_if7vp,1
t3_kvy1i,0
t3_xd0ls,0
t3_rirnq,1
t3_mco6n,0
t3_13tugz,0
t3_k0ilx,0
t3_ibat9,1
t3_m42qj,1
t3_1cucx0,0
t3_zjfck,0
t3_1iv5aj,1
t3_u7z81,1
t3_ke8v1,1
t3_t6s95,1
t3_w3y90,0
t3_vvs2c,0
t3_hupa5,0
t3_zf126,1
t3_v18x3,1
t3_my9b0,1
t3_10kngj,0
t3_is415,0
t3_io8w1,0
t3_jatqy,1
t3_yz9sf,0
t3_k4z3q,1
t3_1bird0,1
t3_1cjq75,1
t3_1cle36,0
t3_1cgw6n,1
t3_yvb02,0
t3_jzmij,0
t3_iii4u,1
t3_jmyq9,0
t3_kr3gt,1
t3_w8rkv,0
t3_12x5q1,0
t3_jshkp,1
t3_1o9hi0,1
t3_u64m1,0
t3_1cylzs,0
t3_icou8,0
t3_jvh8u,0
t3_rzjzd,0
t3_mxzhx,1
t3_vwclz,1
t3_wxsh1,0
t3_k3ki7,0
t3_j6283,0
t3_mxya9,0
t3_1aduwk,0
t3_ot2tt,0
t3_1lvsn9,0
t3_1cysab,1
t3_nhqn0,1
t3_1109ba,1
t3_11sa5p,0
t3_16wls1,0
t3_1i8cqz,0
t3_wwkkm,0
t3_110gio,0
t3_inmlb,0
t3_k3ocx,1
t3_1hz09s,1
t3_1mzio9,1
t3_lb1w0,1
t3_1crwei,0
t3_q5961,0
t3_lxx3z,1
t3_16appe,0
t3_1adg49,0
t3_iyk1y,1
t3_1iw0gf,1
t3_x1o1v,1
t3_1m23pg,1
t3_yintm,0
t3_ts9p3,1
t3_z9ck0,1
t3_th40x,0
t3_icon7,1
t3_t0mtn,1
t3_juayz,1
t3_mzfsp,1
t3_14exjy,0
t3_1c7725,0
t3_1ifyzz,1
t3_i96f9,1
t3_kbmyh,1
t3_170pqr,0
t3_sqwpp,0
t3_1553el,0
t3_ikbu8,0
t3_y6aab,0
t3_1fxma9,0
t3_18gj1h,0
t3_o0jew,0
t3_1jpkbf,1
t3_idu38,1
t3_lhjci,1
t3_1d3hd7,1
t3_150b65,0
t3_rjp1j,0
t3_k30r3,0
t3_1hav4d,0
t3_1a5ixr,1
t3_pxd37,0
t3_1djtso,1
t3_14ezoh,0
t3_12obj5,1
t3_nqwjm,1
t3_oifsx,1
t3_1f45sh,0
t3_1fr5bm,0
t3_r7odh,1
t3_1kmou4,0
t3_17pzg4,0
t3_i0miz,1
t3_il0s0,1
t3_1l5uzx,1
t3_1evpom,0
t3_idy6k,0
t3_sshis,0
t3_1blxrm,1
t3_1esd91,0
t3_vai9m,0
t3_ne3jr,0
t3_1nm9os,1
t3_ledhr,0
t3_pw02q,0
t3_irgbj,0
t3_xd9hv,0
t3_icu7p,0
t3_1d8yob,0
t3_l4xry,1
t3_112jsu,1
t3_kly75,0
t3_ifrfv,1
t3_x8mp3,0
t3_x2qzw,0
t3_13u1al,1
t3_xnwf2,0
t3_xf1p9,0
t3_jjz0j,1
t3_k08dr,1
t3_1af9hg,0
t3_tl8gg,0
t3_qdtn7,0
t3_ubnwm,1
t3_s14x9,0
t3_157g5c,0
t3_y9nfg,0
t3_tfqnk,0
t3_1lxsiq,0
t3_r1boq,0
t3_14ihpw,0
t3_12124d,0
t3_10o1th,0
t3_1blyk4,0
t3_jxj0w,1
t3_12vddw,0
t3_1kow8l,0
t3_llfug,1
t3_1fqagd,0
t3_pfs19,0
t3_185q0b,0
t3_th6m0,0
t3_1ma6le,0
t3_k0q1w,0
t3_15xp2y,0
t3_vpe62,1
t3_12gbgy,1
t3_jtsb9,0
t3_wly8k,0
t3_j2k0d,0
t3_1j4tf5,0
t3_yfjn0,0
t3_1cot73,1
t3_n81pv,0
t3_ijnhm,0
t3_1493gl,0
t3_1i4pcy,1
t3_n5o88,0
t3_mrgd3,1
t3_1fqv6l,0
t3_mscj8,0
t3_tiyor,0
t3_l4rl8,0
t3_1e2v32,0
t3_r7sgr,0
t3_t0krh,0
t3_iregv,0
t3_ndcvq,1
t3_w3ldb,1
t3_q3io5,1
t3_smcni,1
t3_zzsho,0
t3_pr3p3,0
t3_1hluyc,0
t3_k025c,1
t3_1go8c1,1
t3_ihhbr,1
t3_1ckfzz,0
t3_1l7ksf,1
t3_vawcb,1
t3_mody8,1
t3_1foy3z,0
t3_qzu4g,1
t3_lmb89,1
t3_1m53fu,0
t3_10cy64,0
t3_m7m7l,1
t3_1lfrlc,0
t3_iihye,0
t3_xn5hp,1
t3_ro9ud,0
t3_kx1pn,0
t3_1cn0h3,1
t3_zq12j,0
t3_1br2hm,0
t3_knttk,0
t3_11wza2,0
t3_iwbsf,0
t3_nys7g,1
t3_17pmtu,0
